index,semantic_id,semantic_label,family,tier,decision_status,variant_id,variant_label,asset_id,symbol_id,kind,source,source_status,file_path,mime_type,bytes,sha256,user_note
0,ACTOR.BOAT_BEARER,Boat Bearer,ACTOR_MINISTER,LIVE_MASS,FROZEN_ACTIVE,MASK_READY_V2,Mask-ready PNG v2,ao-live-boat-bearer,,mask,assets/icons/live/ao-live-boat-bearer.png,FROZEN_FROM_V3,assets/active/live-actors/ao-live-boat-bearer.png,image/png,94815,ecb94cb1ba2f74136a763d91cb7c03beef3dfa959b6b403ec69c095b991192e8,
1,ACTOR.MASTER_OF_CEREMONIES,Master of Ceremonies,ACTOR_MINISTER,LIVE_MASS,FROZEN_ACTIVE,MASK_READY_V2,Mask-ready PNG v2,ao-live-mc,,mask,assets/icons/live/ao-live-mc.png,FROZEN_FROM_V3,assets/active/live-actors/ao-live-mc.png,image/png,123582,97786ddf7e60b7650bda3d2cac10cb5eb7fb3d46c050c4d6b01106c3e372a6bc,
2,ACTOR.PRIEST.CENTRE_AD_ORIENTEM,Priest — Centre (Ad Orientem),ACTOR_MINISTER,LIVE_MASS,FROZEN_ACTIVE,MASK_READY_V2,Mask-ready PNG v2,ao-live-priest-centre,,mask,assets/icons/live/ao-live-priest-centre.png,FROZEN_FROM_V3,assets/active/live-actors/ao-live-priest-centre.png,image/png,101649,127198855c1f26cac5ef1419e84ea54902542aa4fad35e832041d383cbd8c526,
3,ACTOR.PRIEST.EPISTLE_SIDE,Priest — At Missal (Epistle Side),ACTOR_MINISTER,LIVE_MASS,FROZEN_ACTIVE,MASK_READY_V2,Mask-ready PNG v2,ao-live-priest-epistle-side,,mask,assets/icons/live/ao-live-priest-epistle-side.png,FROZEN_FROM_V3,assets/active/live-actors/ao-live-priest-epistle-side.png,image/png,125947,c27a58d196d0d4b7881f603a17cba1a60d67bbb7836e657e58d4da39779ee59f,
4,ACTOR.PRIEST.FACING_PEOPLE,Priest — Facing People,ACTOR_MINISTER,LIVE_MASS,FROZEN_ACTIVE,MASK_READY_V2,Mask-ready PNG v2,ao-live-priest-facing-people,,mask,assets/icons/live/ao-live-priest-facing-people.png,FROZEN_FROM_V3,assets/active/live-actors/ao-live-priest-facing-people.png,image/png,119743,ec6dccb0194dd1201cecd9d6ec781255d97ca1861b061c84950655cc37b011d8,
5,ACTOR.PRIEST.GOSPEL_SIDE,Priest — Gospel Side,ACTOR_MINISTER,LIVE_MASS,FROZEN_ACTIVE,MASK_READY_V2,Mask-ready PNG v2,ao-live-priest-gospel-side,,mask,assets/icons/live/ao-live-priest-gospel-side.png,FROZEN_FROM_V3,assets/active/live-actors/ao-live-priest-gospel-side.png,image/png,123200,b872eb38a778cf2be8764a6b0bfa4733a84c4d87a0e002dab1f04f22ee014fcf,
6,ACTOR.THURIFER,Thurifer,ACTOR_MINISTER,LIVE_MASS,FROZEN_ACTIVE,MASK_READY_V2,Mask-ready PNG v2,ao-live-thurifer,,mask,assets/icons/live/ao-live-thurifer.png,FROZEN_FROM_V3,assets/active/live-actors/ao-live-thurifer.png,image/png,167019,1ec0039ae4c4fbb676f2b847cbea8d9446e51a2f636ab77a20130bf227e35346,
7,SOUND.ALTAR_BELLS,Altar Bells,AUDIBLE_STATE,LIVE_MASS,FROZEN_ACTIVE,MASK_READY_V2,Mask-ready PNG v2,ao-live-bells,,mask,assets/icons/live/ao-live-bells.png,FROZEN_FROM_V3,assets/active/live-audio/ao-live-bells.png,image/png,120306,16ec2bd4511827b7ac6fd2e7c7b6fe3f8cc54ddd715eea707618e0e9c4527758,
8,SOUND.PRIEST.AUDIBLE,Priest Audible,AUDIBLE_STATE,LIVE_MASS,FROZEN_ACTIVE,MASK_READY_V2,Mask-ready PNG v2,ao-live-priest-audible,,mask,assets/icons/live/ao-live-priest-audible.png,FROZEN_FROM_V3,assets/active/live-audio/ao-live-priest-audible.png,image/png,153538,f3e08e9a206346149baa19c31d94afb1f5fa7217c4b33e0d8cebc5814c1e55e1,
9,SOUND.PRIEST.SILENT,Priest Silent,AUDIBLE_STATE,LIVE_MASS,FROZEN_ACTIVE,MASK_READY_V2,Mask-ready PNG v2,ao-live-priest-silent,,mask,assets/icons/live/ao-live-priest-silent.png,FROZEN_FROM_V3,assets/active/live-audio/ao-live-priest-silent.png,image/png,94820,1172aba87bfa16e2a70554aab0cafeac0c3f9a5978152a2a0ee33e87608c087c,
10,SOUND.SCHOLA,Schola Active,AUDIBLE_STATE,LIVE_MASS,FROZEN_ACTIVE,MASK_READY_V2,Mask-ready PNG v2,ao-live-schola,,mask,assets/icons/live/ao-live-schola.png,FROZEN_FROM_V3,assets/active/live-audio/ao-live-schola.png,image/png,176792,6ab82d51b76b675427d6e3e8b8e77b07f0fc07e1975c58daa0d5b8054c75a543,
11,SOUND.SCHOLA.REST,Schola Rest,AUDIBLE_STATE,LIVE_MASS,FROZEN_ACTIVE,MASK_READY_V2,Mask-ready PNG v2,ao-live-schola-rest,,mask,assets/icons/live/ao-live-schola-rest.png,FROZEN_FROM_V3,assets/active/live-audio/ao-live-schola-rest.png,image/png,129643,987c837ef83d14726783c6696cfb71a87de9528a2c3b00fa5de6a34ded640753,
12,CONTEXT.CHURCH,In Church,DAILY_CONTEXT,APP_MODULE,FROZEN_ACTIVE,APP_IMPLEMENTED_SVG,Implemented app symbol,ao-refined-church,ao-refined-church,symbol,Ad Orientem v43.59.30 current app,FROZEN_FROM_V3,assets/active/daily-context/ao-refined-church.svg,image/svg+xml,371267,c20a60bd959af39ee233bc27dc51e0806f5650e0222336dca7512ed4be6f7cf6,
13,CONTEXT.DIFFICULT_MOMENTS,Difficult Moments,DAILY_CONTEXT,APP_MODULE,FROZEN_ACTIVE,APP_IMPLEMENTED_SVG,Implemented app symbol,ao-refined-difficult-moments,ao-refined-difficult-moments,symbol,Ad Orientem v43.59.30 current app,FROZEN_FROM_V3,assets/active/daily-context/ao-refined-difficult-moments.svg,image/svg+xml,368795,647cba97c2f412ceefec32c73994a367aa35c7886c7393bc76d438e44f671e3b,
14,CONTEXT.HELP,Need Help,DAILY_CONTEXT,APP_MODULE,FROZEN_ACTIVE,APP_IMPLEMENTED_SVG,Implemented app symbol,ao-refined-help,ao-refined-help,symbol,Ad Orientem v43.59.30 current app,FROZEN_FROM_V3,assets/active/daily-context/ao-refined-help.svg,image/svg+xml,369350,7e1a6fa6d2e629776128e034556a97f34278c295502a701eb012d5670d3dbfb7,
15,CONTEXT.MEAL,Meal,DAILY_CONTEXT,APP_MODULE,FROZEN_ACTIVE,APP_IMPLEMENTED_SVG,Implemented app symbol,ao-refined-meal,ao-refined-meal,symbol,Ad Orientem v43.59.30 current app,FROZEN_FROM_V3,assets/active/daily-context/ao-refined-meal.svg,image/svg+xml,380744,3ae02c450946bc698a881d2df84a61b07991dd71278ca74e48a4549dca7fa456,
16,CONTEXT.REST,Rest,DAILY_CONTEXT,APP_MODULE,FROZEN_ACTIVE,APP_IMPLEMENTED_SVG,Implemented app symbol,ao-refined-rest,ao-refined-rest,symbol,Ad Orientem v43.59.30 current app,FROZEN_FROM_V3,assets/active/daily-context/ao-refined-rest.svg,image/svg+xml,331047,299b4f2d4be228a47ca264b2e853047543243fdcb6e0a2cfa29fabba75d69a89,
17,CONTEXT.TRAVEL,Travel,DAILY_CONTEXT,APP_MODULE,FROZEN_ACTIVE,APP_IMPLEMENTED_SVG,Implemented app symbol,ao-refined-travel,ao-refined-travel,symbol,Ad Orientem v43.59.30 current app,FROZEN_FROM_V3,assets/active/daily-context/ao-refined-travel.svg,image/svg+xml,365719,bd61f5302249ad3fa48698d329ccf82e53a7ae6d704242a96903fe035334cb88,
18,CONTEXT.WORK,Work,DAILY_CONTEXT,APP_MODULE,FROZEN_ACTIVE,APP_IMPLEMENTED_SVG,Implemented app symbol,ao-refined-work,ao-refined-work,symbol,Ad Orientem v43.59.30 current app,FROZEN_FROM_V3,assets/active/daily-context/ao-refined-work.svg,image/svg+xml,395552,33a17281c037ea4dd03dad7c784615c91f97337750454a1d2004871db7d90872,
19,MODULE.ADORATION,Adoration & Benediction,DEVOTIONAL_MODULE,MASK_READY_V4,FROZEN_ACTIVE,FINAL_MASK_V4,Final validated mask-ready PNG v4,ao-rich-adoration,,mask,User-validated final sheet B,VALIDATED_AND_FROZEN,assets/active/devotional-module/ao-rich-adoration.png,image/png,246794,c4aba21ec81378cdfb090641955cd3265f8c8ae5b2f821d3291fb022a28faabd,Validated by user; final freeze 2026-09-27
20,MODULE.ANGELUS,Angelus / Regina Cæli,DEVOTIONAL_MODULE,MASK_READY_V4,FROZEN_ACTIVE,FINAL_MASK_V4,Final validated mask-ready PNG v4,ao-rich-angelus,,mask,User-validated final sheet B,VALIDATED_AND_FROZEN,assets/active/devotional-module/ao-rich-angelus.png,image/png,147232,0841f5785465a167136a39b922cd371bfb6df60c4fc68f1a6a67e7020da152e8,Validated by user; final freeze 2026-09-27
21,MODULE.CONFESSION,Confession,DEVOTIONAL_MODULE,MASK_READY_V4,FROZEN_ACTIVE,FINAL_MASK_V4,Final validated mask-ready PNG v4,ao-rich-confession,,mask,User-validated final sheet B,VALIDATED_AND_FROZEN,assets/active/devotional-module/ao-rich-confession.png,image/png,193997,7cab7471e12cdfa3e8ef8f4798c9aef77d8c81df8ed54d9fcf825228bd3a0980,Validated by user; final freeze 2026-09-27
22,MODULE.DEVOTIONS,Devotions,DEVOTIONAL_MODULE,APP_MODULE,FROZEN_ACTIVE,APP_IMPLEMENTED_SVG,Implemented app symbol,ao-refined-devotions,ao-refined-devotions,symbol,Ad Orientem v43.59.30 current app,FROZEN_FROM_V3,assets/active/devotional-module/ao-refined-devotions.svg,image/svg+xml,378693,551a53d84e5b4b49e6d51e86905a291d92e3a97fe1c2d5ef10fe17015b65db0f,
23,MODULE.EUCHARISTIC_LIFE,Eucharistic Life,DEVOTIONAL_MODULE,MASK_READY_V4,FROZEN_ACTIVE,FINAL_MASK_V4,Final validated mask-ready PNG v4,ao-rich-eucharistic-life,,mask,User-validated final sheet D,VALIDATED_AND_FROZEN,assets/active/devotional-module/ao-rich-eucharistic-life.png,image/png,232943,6a415ee00079034e92fe1d97726373477027aedf24083202e541cadc75a61bed,Validated by user; final freeze 2026-09-27
24,MODULE.HOLY_SOULS,Holy Souls,DEVOTIONAL_MODULE,MASK_READY_V4,FROZEN_ACTIVE,FINAL_MASK_V4,Final validated mask-ready PNG v4,ao-rich-holy-souls,,mask,User-validated final sheet C,VALIDATED_AND_FROZEN,assets/active/devotional-module/ao-rich-holy-souls.png,image/png,124304,60276d399e9d36f498509cc095acd148f267df603d33290ba096411926424fdc,Validated by user; final freeze 2026-09-27
25,MODULE.HOLY_SPIRIT,Holy Spirit,DEVOTIONAL_MODULE,MASK_READY_V4,FROZEN_ACTIVE,FINAL_MASK_V4,Final validated mask-ready PNG v4,ao-rich-holy-spirit,,mask,User-validated final sheet D,VALIDATED_AND_FROZEN,assets/active/devotional-module/ao-rich-holy-spirit.png,image/png,195135,07bf3eae3b745d99cdf6f80c2493223fe6276c6cc041031cf1066d026e42d1f2,Validated by user; final freeze 2026-09-27
26,MODULE.IMMACULATE_HEART,Immaculate Heart,DEVOTIONAL_MODULE,MASK_READY_V4,FROZEN_ACTIVE,FINAL_MASK_V4,Final validated mask-ready PNG v4,ao-rich-immaculate-heart,,mask,User-validated final sheet D,VALIDATED_AND_FROZEN,assets/active/devotional-module/ao-rich-immaculate-heart.png,image/png,185748,556587eaf3d845460bf0bf64f45cd700e1ce982df6a33a8f728bf16fa5859386,Validated by user; final freeze 2026-09-27
27,MODULE.MENTAL_PRAYER,Mental Prayer,DEVOTIONAL_MODULE,MASK_READY_V4,FROZEN_ACTIVE,FINAL_MASK_V4,Final validated mask-ready PNG v4,ao-rich-mental-prayer,,mask,User-validated final sheet C,VALIDATED_AND_FROZEN,assets/active/devotional-module/ao-rich-mental-prayer.png,image/png,150332,fc9d0048e9a758fe12df4532559fff7661ae6f9d6703ee61ee9e77085ddaba85,Validated by user; final freeze 2026-09-27
28,MODULE.NOVENAS,Novenas,DEVOTIONAL_MODULE,MASK_READY_V4,FROZEN_ACTIVE,FINAL_MASK_V4,Final validated mask-ready PNG v4,ao-rich-novenas,,mask,User-validated final sheet C,VALIDATED_AND_FROZEN,assets/active/devotional-module/ao-rich-novenas.png,image/png,156302,ee686dc29d52f681f74d75625db1dbbc8674dfcc1602c22d1955374f875f944c,Validated by user; final freeze 2026-09-27
29,MODULE.PLAN_OF_LIFE,Plan of Life,DEVOTIONAL_MODULE,MASK_READY_V4,FROZEN_ACTIVE,FINAL_MASK_V4,Final validated mask-ready PNG v4,ao-rich-plan-of-life,,mask,User-validated final sheet C,VALIDATED_AND_FROZEN,assets/active/devotional-module/ao-rich-plan-of-life.png,image/png,121532,ca2732b547666b4fe6a7d00e976add3ec80b41a59c054348b7386960d925de3c,Validated by user; final freeze 2026-09-27
30,MODULE.PRAYER_LIBRARY,Prayer Library,DEVOTIONAL_MODULE,MASK_READY_V4,FROZEN_ACTIVE,FINAL_MASK_V4,Final validated mask-ready PNG v4,ao-rich-prayer-library,,mask,User-validated final sheet C,VALIDATED_AND_FROZEN,assets/active/devotional-module/ao-rich-prayer-library.png,image/png,71281,b3186b328bb01cfa5567f59b9eb68e39f42038f772f148366a6cbb22bf3dc53c,Validated by user; final freeze 2026-09-27
31,MODULE.PRAY_NOW,Pray Now,DEVOTIONAL_MODULE,APP_MODULE,FROZEN_ACTIVE,APP_IMPLEMENTED_SVG,Implemented app symbol,ao-refined-pray-now,ao-refined-pray-now,symbol,Ad Orientem v43.59.30 current app,FROZEN_FROM_V3,assets/active/devotional-module/ao-refined-pray-now.svg,image/svg+xml,393384,7444907e6c219e82026bbd266ff861b993840350e5991471b6c1a713c1b10f7a,
32,MODULE.RECOLLECTION,Recollection,DEVOTIONAL_MODULE,MASK_READY_V4,FROZEN_ACTIVE,FINAL_MASK_V4,Final validated mask-ready PNG v4,ao-rich-recollection,,mask,User-validated final sheet D,VALIDATED_AND_FROZEN,assets/active/devotional-module/ao-rich-recollection.png,image/png,110109,429b960a3e5270b350b20b9955a52a080d417b4e42577275c4d1f62c0daeef77,Validated by user; final freeze 2026-09-27
33,MODULE.ROSARY,Rosary,DEVOTIONAL_MODULE,MASK_READY_V4,FROZEN_ACTIVE,FINAL_MASK_V4,Final validated mask-ready PNG v4,ao-rich-rosary,,mask,User-validated final sheet B,VALIDATED_AND_FROZEN,assets/active/devotional-module/ao-rich-rosary.png,image/png,96211,63023c5299bb140c27dd8d2f3bdc15fabfd66c3b96f96baf3b338460bb8f4bf9,Validated by user; final freeze 2026-09-27
34,MODULE.SACRED_HEART,Sacred Heart,DEVOTIONAL_MODULE,MASK_READY_V4,FROZEN_ACTIVE,FINAL_MASK_V4,Final validated mask-ready PNG v4,ao-rich-sacred-heart,,mask,User-validated final sheet D,VALIDATED_AND_FROZEN,assets/active/devotional-module/ao-rich-sacred-heart.png,image/png,156866,1364c6a3e0c4301cf7ab5253116ede1889d7b1a0005c1b2a5dc9ed0ccca5cdff,Validated by user; final freeze 2026-09-27
35,MODULE.SILENCE,Silence,DEVOTIONAL_MODULE,APP_MODULE,FROZEN_ACTIVE,APP_IMPLEMENTED_SVG,Implemented app symbol,ao-refined-silence,ao-refined-silence,symbol,Ad Orientem v43.59.30 current app,FROZEN_FROM_V3,assets/active/devotional-module/ao-refined-silence.svg,image/svg+xml,360331,c3004d1e3a9862c2913912ddc1518c1d1faea02b446e794dbf6279c467e41869,
36,MODULE.SPIRITUAL_COMBAT,Spiritual Combat,DEVOTIONAL_MODULE,MASK_READY_V4,FROZEN_ACTIVE,FINAL_MASK_V4,Final validated mask-ready PNG v4,ao-rich-spiritual-combat,,mask,User-validated final sheet C,VALIDATED_AND_FROZEN,assets/active/devotional-module/ao-rich-spiritual-combat.png,image/png,109702,8eb0323785100555fb0e194fa2483f81b0cd39e51b39641607ff1de4ab72b33c,Validated by user; final freeze 2026-09-27
37,MODULE.STATIONS,Stations of the Cross,DEVOTIONAL_MODULE,MASK_READY_V4,FROZEN_ACTIVE,FINAL_MASK_V4,Final validated mask-ready PNG v4,ao-rich-stations,,mask,User-validated final sheet B,VALIDATED_AND_FROZEN,assets/active/devotional-module/ao-rich-stations.png,image/png,104282,a7dc11f041ec9cc64fcc2b97de4a5d0f367366a9eaef07c50afd58233f4fafad,Validated by user; final freeze 2026-09-27
38,MODULE.ST_JOSEPH,St Joseph,DEVOTIONAL_MODULE,MASK_READY_V4,FROZEN_ACTIVE,FINAL_MASK_V4,Final validated mask-ready PNG v4,ao-rich-st-joseph,,mask,User-validated final sheet D,VALIDATED_AND_FROZEN,assets/active/devotional-module/ao-rich-st-joseph.png,image/png,203795,f956d9abfb855ee4f2c76a5767b12e12123748d897c2f5c88000c94e2a956d21,Validated by user; final freeze 2026-09-27
39,GESTURE.BREAST_STRIKE,Breast Strike,FAITHFUL_GESTURE,LIVE_MASS,FROZEN_ACTIVE,MASK_READY_V2,Mask-ready PNG v2,ao-live-breast-strike,,mask,assets/icons/live/ao-live-breast-strike.png,FROZEN_FROM_V3,assets/active/live-gesture/ao-live-breast-strike.png,image/png,127975,a56a3d2024b73424c14e7094ed35caff5bc710ccfcbb650275e0601ed966aa56,
40,GESTURE.HANDS_JOINED,Hands Joined,FAITHFUL_GESTURE,LIVE_MASS,FROZEN_ACTIVE,MASK_READY_V2,Mask-ready PNG v2,ao-live-hands-joined,,mask,assets/icons/live/ao-live-hands-joined.png,FROZEN_FROM_V3,assets/active/live-gesture/ao-live-hands-joined.png,image/png,139657,8e6554a6229cd138c332c9ed6083c82cef4abe64ec149c364eb71d4794a27632,
41,GESTURE.HEAD_BOW,Head Bow,FAITHFUL_GESTURE,LIVE_MASS,FROZEN_ACTIVE,MASK_READY_V2,Mask-ready PNG v2,ao-live-head-bow,,mask,assets/icons/live/ao-live-head-bow.png,FROZEN_FROM_V3,assets/active/live-gesture/ao-live-head-bow.png,image/png,75716,34617bb5f581620c9fa943be21575daa5cec4d702c60cbc8b7987495b0ba6078,
42,GESTURE.PROFOUND_BOW,Profound Bow,FAITHFUL_GESTURE,LIVE_MASS,FROZEN_ACTIVE,MASK_READY_V2,Mask-ready PNG v2,ao-live-profound-bow,,mask,assets/icons/live/ao-live-profound-bow.png,FROZEN_FROM_V3,assets/active/live-gesture/ao-live-profound-bow.png,image/png,91304,1f24c3e0297a3117fc428d2b96f2bcf21c290728a9aa72705feeaa450b7544dc,
43,POSTURE.BOW,Bow,FAITHFUL_POSTURE,LIVE_MASS,FROZEN_ACTIVE,MASK_READY_V2,Mask-ready PNG v2,ao-live-bow,,mask,assets/icons/live/ao-live-bow.png,FROZEN_FROM_V3,assets/active/live-posture/ao-live-bow.png,image/png,69145,36032c09e2cfb432449f5a84449e543e765497b4cd4ef10ae5c32c595a446405,
44,POSTURE.GENUFLECT,Genuflect,FAITHFUL_POSTURE,LIVE_MASS,FROZEN_ACTIVE,APP_IMPLEMENTED_SVG,Implemented app SVG,ao-live-genuflect,ao-live-genuflect,symbol,Ad Orientem v43.59.30 current app,FROZEN_FROM_V3,assets/active/live-posture/ao-live-genuflect.svg,image/svg+xml,900,34ce386b806157e73f1ff1811152d0617677c4bfd2073c46290ddeccfe84c74f,
45,POSTURE.KNEEL,Kneel,FAITHFUL_POSTURE,LIVE_MASS,FROZEN_ACTIVE,APP_IMPLEMENTED_SVG,Implemented app SVG,ao-live-kneel,ao-live-kneel,symbol,Ad Orientem v43.59.30 current app,FROZEN_FROM_V3,assets/active/live-posture/ao-live-kneel.svg,image/svg+xml,721,eda5c927849d32ffaa83d8efc9de885178050e78bdcc7a0a30310f6f85f858ec,
46,POSTURE.SIT,Sit,FAITHFUL_POSTURE,LIVE_MASS,FROZEN_ACTIVE,MASK_READY_V2,Mask-ready PNG v2,ao-live-sit,,mask,assets/icons/live/ao-live-sit.png,FROZEN_FROM_V3,assets/active/live-posture/ao-live-sit.png,image/png,91797,0a8e59bcc82d49f02f6d0ce7cb60ab1201b406045977cb9f08e22de46675f15a,
47,POSTURE.STAND,Stand,FAITHFUL_POSTURE,LIVE_MASS,FROZEN_ACTIVE,APP_IMPLEMENTED_SVG,Implemented app SVG,ao-live-stand,ao-live-stand,symbol,Ad Orientem v43.59.30 current app,FROZEN_FROM_V3,assets/active/live-posture/ao-live-stand.svg,image/svg+xml,1085,245fcc201fb360b36247412d9406bfbe4ee00e4391775bfc8e1db64ea02ca2b4,
48,MODULE.BEGINNER,Beginner / Getting Started,FORMATION_MODULE,APP_MODULE,FROZEN_ACTIVE,APP_IMPLEMENTED_SVG,Implemented app symbol,ao-refined-beginner,ao-refined-beginner,symbol,Ad Orientem v43.59.30 current app,FROZEN_FROM_V3,assets/active/formation-module/ao-refined-beginner.svg,image/svg+xml,358401,2d914898e733da6ed45fdf60b38288667ae96f3382c40e03e010b5e292dbdc80,
49,MODULE.CALENDAR_UPCOMING,Coming Up / Liturgical Calendar,FORMATION_MODULE,APP_MODULE,FROZEN_ACTIVE,APP_IMPLEMENTED_SVG,Implemented app symbol,ao-refined-calendar-upcoming,ao-refined-calendar-upcoming,symbol,Ad Orientem v43.59.30 current app,FROZEN_FROM_V3,assets/active/formation-module/ao-refined-calendar-upcoming.svg,image/svg+xml,346259,35ec10d89b4cb2f9b39dd43939362d244f4751cf5462a8bdef6dc02418af0f70,
50,MODULE.CATHOLIC_WORLD,Catholic World,FORMATION_MODULE,APP_MODULE,FROZEN_ACTIVE,APP_IMPLEMENTED_SVG,Implemented app symbol,ao-refined-catholic-world,ao-refined-catholic-world,symbol,Ad Orientem v43.59.30 current app,FROZEN_FROM_V3,assets/active/formation-module/ao-refined-catholic-world.svg,image/svg+xml,357446,5bc5baed7846a21df0b744aa4fa3c01ba51bfc2e1b5072df36b9ab6a036ff407,
51,MODULE.JOURNAL,Journal,FORMATION_MODULE,APP_MODULE,FROZEN_ACTIVE,APP_IMPLEMENTED_SVG,Implemented app symbol,ao-refined-journal,ao-refined-journal,symbol,Ad Orientem v43.59.30 current app,FROZEN_FROM_V3,assets/active/formation-module/ao-refined-journal.svg,image/svg+xml,401375,1eaa7b854c39ca7c261ea2a7657ecf9d1c71911355a009c5bdd98cefc87b5112,
52,MODULE.RESOLUTION,Resolution,FORMATION_MODULE,APP_MODULE,FROZEN_ACTIVE,APP_IMPLEMENTED_SVG,Implemented app symbol,ao-refined-resolution,ao-refined-resolution,symbol,Ad Orientem v43.59.30 current app,FROZEN_FROM_V3,assets/active/formation-module/ao-refined-resolution.svg,image/svg+xml,343332,f10d8797da55b81f705e894ca658eba6a0195b9e12858195f4733f9a296619cf,
53,MODULE.SAINT_OF_DAY,Saint of the Day,FORMATION_MODULE,APP_MODULE,FROZEN_ACTIVE,APP_IMPLEMENTED_SVG,Implemented app symbol,ao-refined-saint-of-day,ao-refined-saint-of-day,symbol,Ad Orientem v43.59.30 current app,FROZEN_FROM_V3,assets/active/formation-module/ao-refined-saint-of-day.svg,image/svg+xml,396644,55d5d32a87e66cb8fc48029c49df33b312a032a6a542b259d9d952b667496e7f,
54,MODULE.SCRIPTURE,Scripture / Today’s Gospel,FORMATION_MODULE,APP_MODULE,FROZEN_ACTIVE,APP_IMPLEMENTED_SVG,Implemented app symbol,ao-refined-scripture,ao-refined-scripture,symbol,Ad Orientem v43.59.30 current app,FROZEN_FROM_V3,assets/active/formation-module/ao-refined-scripture.svg,image/svg+xml,364854,032ec42954061176ddb7812acff83dee02cec85610a0c440cd3be351a905121d,
55,MODULE.SPIRITUAL_LIFE,Spiritual Life,FORMATION_MODULE,APP_MODULE,FROZEN_ACTIVE,APP_IMPLEMENTED_SVG,Implemented app symbol,ao-refined-spiritual-life,ao-refined-spiritual-life,symbol,Ad Orientem v43.59.30 current app,FROZEN_FROM_V3,assets/active/formation-module/ao-refined-spiritual-life.svg,image/svg+xml,410756,c4447a713ca04af682fe44385af9fa53b79cce6c3836c7817a18e9dfa24469dd,
56,MODULE.STUDY,Study,FORMATION_MODULE,APP_MODULE,FROZEN_ACTIVE,APP_IMPLEMENTED_SVG,Implemented app symbol,ao-refined-study,ao-refined-study,symbol,Ad Orientem v43.59.30 current app,FROZEN_FROM_V3,assets/active/formation-module/ao-refined-study.svg,image/svg+xml,384840,f2a98a01023ac78d2bb89658d6bc895614c27ddd95fc807057d0785bbcdb7aec,
57,UI.BACK,Back,GENERAL_UI,TIER_A_UI,FROZEN_ACTIVE,APP_IMPLEMENTED_SVG,Implemented app SVG,ao-ui-back,ao-ui-back,symbol,Ad Orientem v43.59.30 current app,FROZEN_FROM_V3,assets/active/ui/ao-ui-back.svg,image/svg+xml,280,6fa76327acec6b8ea638eaa003bee231495ed2c09da695b1328bc6153f66e8ce,
58,UI.CHECK,Check,GENERAL_UI,TIER_A_UI,FROZEN_ACTIVE,APP_IMPLEMENTED_SVG,Implemented app SVG,ao-ui-check,ao-ui-check,symbol,Ad Orientem v43.59.30 current app,FROZEN_FROM_V3,assets/active/ui/ao-ui-check.svg,image/svg+xml,251,ee7ae8a8b2221c2b567a4ec79ba85398fdf0a61afe4eeda7eb6a62d5fe54c23c,
59,UI.CLOSE,Close,GENERAL_UI,TIER_A_UI,FROZEN_ACTIVE,APP_IMPLEMENTED_SVG,Implemented app SVG,ao-ui-close,ao-ui-close,symbol,Ad Orientem v43.59.30 current app,FROZEN_FROM_V3,assets/active/ui/ao-ui-close.svg,image/svg+xml,291,09d6201070424b8aee9277cc04acaeb5962c8af429d137638350edeacf47f1e1,
60,UI.EXPAND,Expand,GENERAL_UI,TIER_A_UI,FROZEN_ACTIVE,APP_IMPLEMENTED_SVG,Implemented app SVG,ao-ui-expand,ao-ui-expand,symbol,Ad Orientem v43.59.30 current app,FROZEN_FROM_V3,assets/active/ui/ao-ui-expand.svg,image/svg+xml,244,8efc169ae002959bbd4279a6d1bd36bb8bc5b1d4578c8f7a38258e2c20bb112c,
61,UI.EXTERNAL,External,GENERAL_UI,TIER_A_UI,FROZEN_ACTIVE,APP_IMPLEMENTED_SVG,Implemented app SVG,ao-ui-external,ao-ui-external,symbol,Ad Orientem v43.59.30 current app,FROZEN_FROM_V3,assets/active/ui/ao-ui-external.svg,image/svg+xml,373,26763d11fe232da94a16f0e9dffc6de90360c4e4982865928afba99af984ea65,
62,UI.INFO,Info,GENERAL_UI,TIER_A_UI,FROZEN_ACTIVE,APP_IMPLEMENTED_SVG,Implemented app SVG,ao-ui-info,ao-ui-info,symbol,Ad Orientem v43.59.30 current app,FROZEN_FROM_V3,assets/active/ui/ao-ui-info.svg,image/svg+xml,308,1d0a4ae2ed6065e7a36957f1b2e133e54ce9ade342aec6bd2edd4a256ff68126,
63,UI.NEXT,Next,GENERAL_UI,TIER_A_UI,FROZEN_ACTIVE,APP_IMPLEMENTED_SVG,Implemented app SVG,ao-ui-next,ao-ui-next,symbol,Ad Orientem v43.59.30 current app,FROZEN_FROM_V3,assets/active/ui/ao-ui-next.svg,image/svg+xml,242,8f5bee6dbd70cdc0dee5c7f7d9d6820a9ac513b534053c7685964d62d1a4bac6,
64,UI.PREVIOUS,Previous,GENERAL_UI,TIER_A_UI,FROZEN_ACTIVE,APP_IMPLEMENTED_SVG,Implemented app SVG,ao-ui-previous,ao-ui-previous,symbol,Ad Orientem v43.59.30 current app,FROZEN_FROM_V3,assets/active/ui/ao-ui-previous.svg,image/svg+xml,247,1f2b4f1f74dad53831faac508b582ecca636297158d49fe636091cfb6c286323,
65,UI.PRIVACY,Privacy,GENERAL_UI,APP_MODULE,FROZEN_ACTIVE,APP_IMPLEMENTED_SVG,Implemented app symbol,ao-refined-privacy,ao-refined-privacy,symbol,Ad Orientem v43.59.30 current app,FROZEN_FROM_V3,assets/active/ui/ao-refined-privacy.svg,image/svg+xml,366376,c3946d3abf2ba3b7cad222dee56625815d380b3060870e31f849c51feab308ac,
66,UI.SEARCH,Search,GENERAL_UI,TIER_A_UI,FROZEN_ACTIVE,APP_IMPLEMENTED_SVG,Implemented app SVG,ao-ui-search,ao-ui-search,symbol,Ad Orientem v43.59.30 current app,FROZEN_FROM_V3,assets/active/ui/ao-ui-search.svg,image/svg+xml,288,bbfd23515545b34fa4ba6704c03e7da12154dfa0536d0231b1e9588bfb5b921a,
67,UI.SOURCES,Sources,GENERAL_UI,TIER_A_UI,FROZEN_ACTIVE,APP_IMPLEMENTED_SVG,Implemented app SVG,ao-ui-sources,ao-ui-sources,symbol,Ad Orientem v43.59.30 current app,FROZEN_FROM_V3,assets/active/ui/ao-ui-sources.svg,image/svg+xml,493,2036f05e35ae76d7777072e773cb7c5eeeda28df565c8614b7a92d5186e76bea,
68,NAV.GLOBAL.CALENDAR,Calendar,GLOBAL_NAVIGATION,GLOBAL_NAVIGATION,FROZEN_ACTIVE,MASK_READY_V2,Mask-ready PNG v2,ao-nav-calendar,,mask,assets/icons/nav/ao-nav-calendar.png,FROZEN_FROM_V3,assets/active/navigation/ao-nav-calendar.png,image/png,119742,f143a7c01c9bcc2ad8d5df23b5bd84bcad4470945054761f408401379a8e2f43,
69,NAV.GLOBAL.HOME,Home — Ad Orientem identity,GLOBAL_NAVIGATION,GLOBAL_NAVIGATION,FROZEN_ACTIVE,MASK_READY_V2,Mask-ready PNG v2,ao-nav-home,,mask,assets/icons/nav/ao-nav-home.png,FROZEN_FROM_V3,assets/active/navigation/ao-nav-home.png,image/png,275696,9a03d23f2e4cf468e2946973fed3522eea5b7920844307d0109b7085fe9b819f,
70,NAV.GLOBAL.LEARN,Learn,GLOBAL_NAVIGATION,GLOBAL_NAVIGATION,FROZEN_ACTIVE,MASK_READY_V2,Mask-ready PNG v2,ao-nav-learn,,mask,assets/icons/nav/ao-nav-learn.png,FROZEN_FROM_V3,assets/active/navigation/ao-nav-learn.png,image/png,97422,afc13baf0217aee4e2c4f9fa2decc3325ef9d40d918d675eeef9be29b4c66f22,
71,NAV.GLOBAL.MASS,Mass,GLOBAL_NAVIGATION,GLOBAL_NAVIGATION,FROZEN_ACTIVE,CURRENT_BINDING_BRAND,Current ribbon binding — Ad Orientem brand emblem,ao-brand-emblem,,mask,Current v43.59.30 bottom ribbon,FROZEN_FROM_V3,assets/active/navigation/ao-brand-emblem.png,image/png,111327,8fa04230a74384932606a4b7eabd9e5e5bfb45f486bf0c4d23c51f2f5d957cbf,
72,NAV.GLOBAL.PRAY,Pray,GLOBAL_NAVIGATION,GLOBAL_NAVIGATION,FROZEN_ACTIVE,MASK_READY_V2,Mask-ready PNG v2,ao-nav-pray,,mask,assets/icons/nav/ao-nav-pray.png,FROZEN_FROM_V3,assets/active/navigation/ao-nav-pray.png,image/png,179557,593941700a9ced05ba76c1e7697a6a97863572b18a2ffc56df9fc9124380e43d,
73,NAV.GLOBAL.SETTINGS,Settings,GLOBAL_NAVIGATION,GLOBAL_NAVIGATION,FROZEN_ACTIVE,MASK_READY_V2,Mask-ready PNG v2,ao-nav-settings,,mask,assets/icons/nav/ao-nav-settings.png,FROZEN_FROM_V3,assets/active/navigation/ao-nav-settings.png,image/png,123856,6bc33b1a590e7c6551c45c17236bf3d23a4a3801d86af07f12501c5ae602c57a,
74,ACTION.ENTRANCE_PROCESSION,Entrance Procession,LITURGICAL_ACTION_OBJECT,LIVE_MASS,FROZEN_ACTIVE,MASK_READY_V2,Mask-ready PNG v2,ao-live-processional,,mask,assets/icons/live/ao-live-processional.png,FROZEN_FROM_V3,assets/active/live-actions/ao-live-processional.png,image/png,175161,9d3b4cc872008dd05789a1fd4e076333e20e901fe4855f0605ea9ca0c9d97205,
75,ACTION.RECESSION,Recessional,LITURGICAL_ACTION_OBJECT,LIVE_MASS,FROZEN_ACTIVE,MASK_READY_V2,Mask-ready PNG v2,ao-live-recessional,,mask,assets/icons/live/ao-live-recessional.png,FROZEN_FROM_V3,assets/active/live-actions/ao-live-recessional.png,image/png,181020,70e680fd6c90cc305eaedda5b82bbd6027d1b2d83dc9e6b6789eb8d9b0c6124f,
76,ACTION.BLESSING,Blessing,LIVE_ACTIONS,MASK_READY_V4,FROZEN_ACTIVE,FINAL_MASK_V4,Final validated mask-ready PNG v4,ao-live-blessing,,mask,User-validated final sheet A,VALIDATED_AND_FROZEN,assets/active/live-actions/ao-live-blessing.png,image/png,194497,620d70d4c40ba75deec8985f043683df6dae0e6bfe72490744eae7c83190417c,Validated by user; final freeze 2026-09-27
77,ACTION.COMMUNION,Communion,LIVE_ACTIONS,MASK_READY_V4,FROZEN_ACTIVE,FINAL_MASK_V4,Final validated mask-ready PNG v4,ao-live-communion,,mask,User-validated final sheet A,VALIDATED_AND_FROZEN,assets/active/live-actions/ao-live-communion.png,image/png,198594,08edf0b3859a27a810a1cf786a46c0e65186915d3671ffa470fbb661ad6f253e,Validated by user; final freeze 2026-09-27
78,ACTION.HOST_ELEVATION,Priest — Elevation,LIVE_ACTIONS,MASK_READY_V4,FROZEN_ACTIVE,FINAL_MASK_V4,Final validated mask-ready PNG v4,ao-live-priest-elevation,,mask,User-validated final sheet E,VALIDATED_AND_FROZEN,assets/active/live-actions/ao-live-priest-elevation.png,image/png,132377,78ec06b7f5afa061c2698a776b4738defc2f30fa357c92d6c8fa4cedd4ae64b7,Validated by user; final freeze 2026-09-27
79,ACTION.LAVABO,Lavabo,LIVE_ACTIONS,MASK_READY_V4,FROZEN_ACTIVE,FINAL_MASK_V4,Final validated mask-ready PNG v4,ao-live-lavabo,,mask,User-validated final sheet A,VALIDATED_AND_FROZEN,assets/active/live-actions/ao-live-lavabo.png,image/png,197068,4310dfa0d50b71f116ae0ae4d171ef145939c750318b29b3b63fc6273f3e186b,Validated by user; final freeze 2026-09-27
80,ACTOR.CANDLE_BEARERS,Candle Bearers,LIVE_ACTORS,MASK_READY_V4,FROZEN_ACTIVE,FINAL_MASK_V4,Final validated mask-ready PNG v4,ao-live-candle-bearers,,mask,User-validated final sheet A,VALIDATED_AND_FROZEN,assets/active/live-actors/ao-live-candle-bearers.png,image/png,196289,a4aa5d370a3daeb66d3741fba9dcc94d652043b5f296cb0124f9e8f515cdb350,Validated by user; final freeze 2026-09-27
81,ACTOR.CANTOR,Cantor,LIVE_ACTORS,MASK_READY_V4,FROZEN_ACTIVE,FINAL_MASK_V4,Final validated mask-ready PNG v4,ao-live-cantor,,mask,User-validated final sheet E,VALIDATED_AND_FROZEN,assets/active/live-actors/ao-live-cantor.png,image/png,139581,166436d5f606e2c7b382c03c99bee2cce424699240d959c7004acc643fb783be,Validated by user; final freeze 2026-09-27
82,ACTOR.CROSS_BEARER,Cross Bearer,LIVE_ACTORS,MASK_READY_V4,FROZEN_ACTIVE,FINAL_MASK_V4,Final validated mask-ready PNG v4,ao-live-cross-bearer,,mask,User-validated final sheet A,VALIDATED_AND_FROZEN,assets/active/live-actors/ao-live-cross-bearer.png,image/png,100539,409725c4c9b985b9d1ece27de17de8a02dabd5baa617225e65ae0ea94b834361,Validated by user; final freeze 2026-09-27
83,ACTOR.DEACON,Deacon,LIVE_ACTORS,MASK_READY_V4,FROZEN_ACTIVE,FINAL_MASK_V4,Final validated mask-ready PNG v4,ao-live-deacon,,mask,User-validated final sheet E,VALIDATED_AND_FROZEN,assets/active/live-actors/ao-live-deacon.png,image/png,151924,d0d9cee5e1fa1d9d213f4ee6debe192fbeeec9b808ef1fb2c795061e6f3f4bd7,Validated by user; final freeze 2026-09-27
84,ACTOR.PRIEST.GENUFLECT,Priest — Genuflect,LIVE_ACTORS,MASK_READY_V4,FROZEN_ACTIVE,FINAL_MASK_V4,Final validated mask-ready PNG v4,ao-live-priest-genuflect,,mask,User-validated final sheet E,VALIDATED_AND_FROZEN,assets/active/live-actors/ao-live-priest-genuflect.png,image/png,164035,d421532271ccf3978249032e02bcf5f59c6cee8b2d49fbff062da75a96b660d6,Validated by user; final freeze 2026-09-27
85,ACTOR.PRIEST.INCENSING_ALTAR,Priest — Incensing Altar,LIVE_ACTORS,MASK_READY_V4,FROZEN_ACTIVE,FINAL_MASK_V4,Final validated mask-ready PNG v4,ao-live-priest-incense-altar,,mask,User-validated final sheet E,VALIDATED_AND_FROZEN,assets/active/live-actors/ao-live-priest-incense-altar.png,image/png,214284,7e613ebf726773d3fab4921b98b0107ecfcdc166b357cc474946e1e391f11f48,Validated by user; final freeze 2026-09-27
86,ACTOR.PRIEST.INCENSING_PEOPLE,Priest — Incensing People,LIVE_ACTORS,MASK_READY_V4,FROZEN_ACTIVE,FINAL_MASK_V4,Final validated mask-ready PNG v4,ao-live-priest-incense-people,,mask,User-validated final sheet E,VALIDATED_AND_FROZEN,assets/active/live-actors/ao-live-priest-incense-people.png,image/png,217005,14c807483ff7920a8cad78db04012512f329527442980508fb33a9b303e3998a,Validated by user; final freeze 2026-09-27
87,ACTOR.SERVER.GENERIC,Server / Acolyte,LIVE_ACTORS,MASK_READY_V4,FROZEN_ACTIVE,FINAL_MASK_V4,Final validated mask-ready PNG v4,ao-live-server,,mask,User-validated final sheet E,VALIDATED_AND_FROZEN,assets/active/live-actors/ao-live-server.png,image/png,108346,c5f9b8ae7de7203edd16a223408f82536a42837f30077bb00d98662bbd3577ea,Validated by user; final freeze 2026-09-27
88,ACTOR.SUBDEACON,Subdeacon,LIVE_ACTORS,MASK_READY_V4,FROZEN_ACTIVE,FINAL_MASK_V4,Final validated mask-ready PNG v4,ao-live-subdeacon,,mask,User-validated final sheet E,VALIDATED_AND_FROZEN,assets/active/live-actors/ao-live-subdeacon.png,image/png,133669,df2611a13e633a9dfb22f45b03159a210f948910a739691268b180f563420bdc,Validated by user; final freeze 2026-09-27
89,CUE.HEAR,Hear,LIVE_GUIDANCE_CUE,LIVE_MASS,FROZEN_ACTIVE,MASK_READY_V2,Mask-ready PNG v2,ao-live-hear,,mask,assets/icons/live/ao-live-hear.png,FROZEN_FROM_V3,assets/active/live-cue/ao-live-hear.png,image/png,133804,41946cfe034c4d17579a00595ab543a501f7019e0f4b1cd553de627effad3ced,
90,CUE.LOOK,Look,LIVE_GUIDANCE_CUE,LIVE_MASS,FROZEN_ACTIVE,MASK_READY_V2,Mask-ready PNG v2,ao-live-look,,mask,assets/icons/live/ao-live-look.png,FROZEN_FROM_V3,assets/active/live-cue/ao-live-look.png,image/png,113438,a40af000f69024040a48c83717463b998d867a05e9b9f9917414726512646fb9,
91,CUE.RESPONSE,Response V/R,LIVE_GUIDANCE_CUE,LIVE_MASS,FROZEN_ACTIVE,MASK_READY_V2,Mask-ready PNG v2,ao-live-response,,mask,assets/icons/live/ao-live-response.png,FROZEN_FROM_V3,assets/active/live-cue/ao-live-response.png,image/png,92097,9d96892b0afda03f52629aedc5fcbe7531b8ea19218c1c42aafacaed97cab624,
92,CUE.YOU,You,LIVE_GUIDANCE_CUE,LIVE_MASS,FROZEN_ACTIVE,MASK_READY_V2,Mask-ready PNG v2,ao-live-you,,mask,assets/icons/live/ao-live-you.png,FROZEN_FROM_V3,assets/active/live-cue/ao-live-you.png,image/png,64440,0371d738ead9b39b9d568d7c7712801597fcde32efd903bb00dae9a9d6a16ed6,
93,MODULE.BEFORE_MASS,Before Mass,MODULE_IDENTITY,MODULE_IDENTITY,FROZEN_ACTIVE,MASK_READY_V2,Mask-ready PNG v2,ao-module-before-mass,,mask,assets/icons/module/ao-module-before-mass.png,FROZEN_FROM_V3,assets/active/modules/ao-module-before-mass.png,image/png,204506,09922590a391aa91e727238c83e61d37d3f95e7f99c4ba28dee16aa25d3e07c3,
94,MODULE.CATECHISM,Traditional Catechism,MODULE_IDENTITY,MODULE_IDENTITY,FROZEN_ACTIVE,MASK_READY_V2,Mask-ready PNG v2,ao-module-catechism,,mask,assets/icons/module/ao-module-catechism.png,FROZEN_FROM_V3,assets/active/modules/ao-module-catechism.png,image/png,129114,ef893112f2f81a6b8884c5ae06745aa4c0166e52ead92b5b62ca17f1b7202e6b,
95,MODULE.MASS_INTENTION,Mass Intention,MODULE_IDENTITY,MODULE_IDENTITY,FROZEN_ACTIVE,MASK_READY_V2,Mask-ready PNG v2,ao-module-mass-intention,,mask,assets/icons/module/ao-module-mass-intention.png,FROZEN_FROM_V3,assets/active/modules/ao-module-mass-intention.png,image/png,104892,c93e4fc2d8e8af727e33367da0c3a15f543e284823b21325f50fdae197736c28,
96,MODULE.THANKSGIVING_AFTER_MASS,Thanksgiving After Mass,MODULE_IDENTITY,MODULE_IDENTITY,FROZEN_ACTIVE,MASK_READY_V2,Mask-ready PNG v2,ao-module-thanksgiving,,mask,assets/icons/module/ao-module-thanksgiving.png,FROZEN_FROM_V3,assets/active/modules/ao-module-thanksgiving.png,image/png,217090,0688d9cac03c09d31a433895cfa09a95f76d49a55fdd2a601478ad8a82f76ded,
97,POSITION.PRIEST.ASCENDING_STEPS,Priest — Ascending Steps,PRIEST_POSITION,LIVE_MASS,FROZEN_ACTIVE,MASK_READY_V2,Mask-ready PNG v2,ao-live-priest-ascending-steps,,mask,assets/icons/live/ao-live-priest-ascending-steps.png,FROZEN_FROM_V3,assets/active/live-priest-position/ao-live-priest-ascending-steps.png,image/png,107767,d866722786abea05313d12023bb282ddc9efe03ec1e1f7a00a1fef78be7c3d42,
98,POSITION.PRIEST.COMMUNION_RAIL,Priest — Distributing Communion at Rail,PRIEST_POSITION,LIVE_MASS,FROZEN_ACTIVE,MASK_READY_V2,Mask-ready PNG v2,ao-live-priest-communion-rail,,mask,assets/icons/live/ao-live-priest-communion-rail.png,FROZEN_FROM_V3,assets/active/live-priest-position/ao-live-priest-communion-rail.png,image/png,144232,f0aee42b284347e03c3c7e1d663e609de59ad7dc963764f576c5f0f869d92d74,
99,POSITION.PRIEST.FOOT_OF_ALTAR,Priest — Foot of Altar,PRIEST_POSITION,LIVE_MASS,FROZEN_ACTIVE,MASK_READY_V2,Mask-ready PNG v2,ao-live-priest-foot-altar,,mask,assets/icons/live/ao-live-priest-foot-altar.png,FROZEN_FROM_V3,assets/active/live-priest-position/ao-live-priest-foot-altar.png,image/png,102571,c35defd145fd745741489f44259f7cb6e3c736b824a7e3918ed5539ff96495df,
100,ACTION.CROSS_VENERATION,Cross Veneration,SPECIAL_DAY_OBJECT,SPECIAL_DAYS,FROZEN_ACTIVE,MASK_READY_V2,Mask-ready PNG v2,ao-special-cross-veneration,,mask,assets/icons/special/ao-special-cross-veneration.png,FROZEN_FROM_V3,assets/active/special-days/ao-special-cross-veneration.png,image/png,76072,ab29b142161d354d3bde1f9111d11e8819cff353f6281967b9e6657049bcd758,
101,OBJECT.ASHES,Ashes,SPECIAL_DAY_OBJECT,SPECIAL_DAYS,FROZEN_ACTIVE,MASK_READY_V2,Mask-ready PNG v2,ao-special-ashes,,mask,assets/icons/special/ao-special-ashes.png,FROZEN_FROM_V3,assets/active/special-days/ao-special-ashes.png,image/png,101375,aaf9f16283d09ff6590aaae24a41bc55d704fcb88a70f973657aca297471bcc4,
102,OBJECT.CANDLE.LIT,Candle Lit,SPECIAL_DAY_OBJECT,SPECIAL_DAYS,FROZEN_ACTIVE,MASK_READY_V2,Mask-ready PNG v2,ao-special-candle-lit,,mask,assets/icons/special/ao-special-candle-lit.png,FROZEN_FROM_V3,assets/active/special-days/ao-special-candle-lit.png,image/png,75097,8b2511b00941152d48889ef862ee13b93f3f79bc96f15ed74094b967705a9d49,
103,OBJECT.CANDLE.UNLIT,Candle Unlit,SPECIAL_DAY_OBJECT,SPECIAL_DAYS,FROZEN_ACTIVE,MASK_READY_V2,Mask-ready PNG v2,ao-special-candle-unlit,,mask,assets/icons/special/ao-special-candle-unlit.png,FROZEN_FROM_V3,assets/active/special-days/ao-special-candle-unlit.png,image/png,72669,545511cc67412f2d4395214513683b9287081d254e3729739528a61886e11b9f,
104,OBJECT.MANDATUM_BASIN_TOWEL,Mandatum Basin and Towel,SPECIAL_DAY_OBJECT,SPECIAL_DAYS,FROZEN_ACTIVE,MASK_READY_V2,Mask-ready PNG v2,ao-special-mandatum-basin-towel,,mask,assets/icons/special/ao-special-mandatum-basin-towel.png,FROZEN_FROM_V3,assets/active/special-days/ao-special-mandatum-basin-towel.png,image/png,97873,3b8e2ad74f1579dc0a76a2f8d5e4a6a127b322910ecd201926a9dee06a800426,
105,OBJECT.PALM,Palm Branch,SPECIAL_DAY_OBJECT,SPECIAL_DAYS,FROZEN_ACTIVE,MASK_READY_V2,Mask-ready PNG v2,ao-special-palm,,mask,assets/icons/special/ao-special-palm.png,FROZEN_FROM_V3,assets/active/special-days/ao-special-palm.png,image/png,162913,d379e13c1a009f1c1e78ce5657f78f940f6dafdb954fa434ee7a266e82d0db7c,
106,OBJECT.PASCHAL_CANDLE,Paschal Candle,SPECIAL_DAY_OBJECT,SPECIAL_DAYS,FROZEN_ACTIVE,MASK_READY_V2,Mask-ready PNG v2,ao-special-paschal-candle,,mask,assets/icons/special/ao-special-paschal-candle.png,FROZEN_FROM_V3,assets/active/special-days/ao-special-paschal-candle.png,image/png,86017,f0bee664e0d286fd9ca00d3cbda6824eedbf55a51635a21300d0537226990ca8,
107,UI.HOME,Home,UI,MASK_READY_V4,FROZEN_ACTIVE,FINAL_MASK_V4,Final validated mask-ready PNG v4,ao-ui-home,,mask,User-validated final sheet B,VALIDATED_AND_FROZEN,assets/active/ui/ao-ui-home.png,image/png,123214,ac09e47b3db7e94e0203e8c0a411d44dfecc964874b6d9499496612ebb29bcf7,Validated by user; final freeze 2026-09-27
108,UI.SETTINGS,Settings,UI,MASK_READY_V4,FROZEN_ACTIVE,FINAL_MASK_V4,Final validated mask-ready PNG v4,ao-ui-settings,,mask,User-validated final sheet B,VALIDATED_AND_FROZEN,assets/active/ui/ao-ui-settings.png,image/png,101576,5fbc3ae746ab08f39cae2a44264117a3faccf535c34b113f87e83a3776dbe2e2,Validated by user; final freeze 2026-09-27