index,semantic_id,asset_id,file_path,mode,width,height,has_alpha,alpha_bbox,alpha_extrema,is_new_v4_mask,qa_pass
0,ACTOR.BOAT_BEARER,ao-live-boat-bearer,assets/active/live-actors/ao-live-boat-bearer.png,RGBA,1254.0,1254.0,True,"(340, 127, 918, 1127)","(0, 255)",False,True
1,ACTOR.MASTER_OF_CEREMONIES,ao-live-mc,assets/active/live-actors/ao-live-mc.png,RGBA,1254.0,1254.0,True,"(343, 128, 909, 1126)","(0, 255)",False,True
2,ACTOR.PRIEST.CENTRE_AD_ORIENTEM,ao-live-priest-centre,assets/active/live-actors/ao-live-priest-centre.png,RGBA,1254.0,1254.0,True,"(226, 125, 1046, 1128)","(0, 255)",False,True
3,ACTOR.PRIEST.EPISTLE_SIDE,ao-live-priest-epistle-side,assets/active/live-actors/ao-live-priest-epistle-side.png,RGBA,1254.0,1254.0,True,"(227, 125, 1027, 1129)","(0, 255)",False,True
4,ACTOR.PRIEST.FACING_PEOPLE,ao-live-priest-facing-people,assets/active/live-actors/ao-live-priest-facing-people.png,RGBA,1254.0,1254.0,True,"(125, 126, 1130, 1127)","(0, 255)",False,True
5,ACTOR.PRIEST.GOSPEL_SIDE,ao-live-priest-gospel-side,assets/active/live-actors/ao-live-priest-gospel-side.png,RGBA,1254.0,1254.0,True,"(231, 124, 1023, 1130)","(0, 255)",False,True
6,ACTOR.THURIFER,ao-live-thurifer,assets/active/live-actors/ao-live-thurifer.png,RGBA,1254.0,1254.0,True,"(208, 129, 1046, 1127)","(0, 255)",False,True
7,SOUND.ALTAR_BELLS,ao-live-bells,assets/active/live-audio/ao-live-bells.png,RGBA,1254.0,1254.0,True,"(210, 124, 1043, 1129)","(0, 255)",False,True
8,SOUND.PRIEST.AUDIBLE,ao-live-priest-audible,assets/active/live-audio/ao-live-priest-audible.png,RGBA,1254.0,1254.0,True,"(125, 148, 1129, 1106)","(0, 255)",False,True
9,SOUND.PRIEST.SILENT,ao-live-priest-silent,assets/active/live-audio/ao-live-priest-silent.png,RGBA,1254.0,1254.0,True,"(182, 125, 1072, 1130)","(0, 255)",False,True
10,SOUND.SCHOLA,ao-live-schola,assets/active/live-audio/ao-live-schola.png,RGBA,1254.0,1254.0,True,"(125, 210, 1129, 1044)","(0, 255)",False,True
11,SOUND.SCHOLA.REST,ao-live-schola-rest,assets/active/live-audio/ao-live-schola-rest.png,RGBA,1254.0,1254.0,True,"(126, 366, 1128, 888)","(0, 255)",False,True
12,CONTEXT.CHURCH,ao-refined-church,assets/active/daily-context/ao-refined-church.svg,SVG,,,,,,False,True
13,CONTEXT.DIFFICULT_MOMENTS,ao-refined-difficult-moments,assets/active/daily-context/ao-refined-difficult-moments.svg,SVG,,,,,,False,True
14,CONTEXT.HELP,ao-refined-help,assets/active/daily-context/ao-refined-help.svg,SVG,,,,,,False,True
15,CONTEXT.MEAL,ao-refined-meal,assets/active/daily-context/ao-refined-meal.svg,SVG,,,,,,False,True
16,CONTEXT.REST,ao-refined-rest,assets/active/daily-context/ao-refined-rest.svg,SVG,,,,,,False,True
17,CONTEXT.TRAVEL,ao-refined-travel,assets/active/daily-context/ao-refined-travel.svg,SVG,,,,,,False,True
18,CONTEXT.WORK,ao-refined-work,assets/active/daily-context/ao-refined-work.svg,SVG,,,,,,False,True
19,MODULE.ADORATION,ao-rich-adoration,assets/active/devotional-module/ao-rich-adoration.png,RGBA,1254.0,1254.0,True,"(220, 87, 1034, 1167)","(0, 255)",True,True
20,MODULE.ANGELUS,ao-rich-angelus,assets/active/devotional-module/ao-rich-angelus.png,RGBA,1254.0,1254.0,True,"(87, 145, 1167, 1108)","(0, 255)",True,True
21,MODULE.CONFESSION,ao-rich-confession,assets/active/devotional-module/ao-rich-confession.png,RGBA,1254.0,1254.0,True,"(103, 87, 1150, 1167)","(0, 255)",True,True
22,MODULE.DEVOTIONS,ao-refined-devotions,assets/active/devotional-module/ao-refined-devotions.svg,SVG,,,,,,False,True
23,MODULE.EUCHARISTIC_LIFE,ao-rich-eucharistic-life,assets/active/devotional-module/ao-rich-eucharistic-life.png,RGBA,1254.0,1254.0,True,"(193, 87, 1061, 1167)","(0, 255)",True,True
24,MODULE.HOLY_SOULS,ao-rich-holy-souls,assets/active/devotional-module/ao-rich-holy-souls.png,RGBA,1254.0,1254.0,True,"(119, 87, 1134, 1167)","(0, 255)",True,True
25,MODULE.HOLY_SPIRIT,ao-rich-holy-spirit,assets/active/devotional-module/ao-rich-holy-spirit.png,RGBA,1254.0,1254.0,True,"(153, 87, 1100, 1167)","(0, 255)",True,True
26,MODULE.IMMACULATE_HEART,ao-rich-immaculate-heart,assets/active/devotional-module/ao-rich-immaculate-heart.png,RGBA,1254.0,1254.0,True,"(204, 87, 1050, 1167)","(0, 255)",True,True
27,MODULE.MENTAL_PRAYER,ao-rich-mental-prayer,assets/active/devotional-module/ao-rich-mental-prayer.png,RGBA,1254.0,1254.0,True,"(218, 87, 1035, 1167)","(0, 255)",True,True
28,MODULE.NOVENAS,ao-rich-novenas,assets/active/devotional-module/ao-rich-novenas.png,RGBA,1254.0,1254.0,True,"(87, 89, 1167, 1164)","(0, 255)",True,True
29,MODULE.PLAN_OF_LIFE,ao-rich-plan-of-life,assets/active/devotional-module/ao-rich-plan-of-life.png,RGBA,1254.0,1254.0,True,"(87, 126, 1167, 1128)","(0, 255)",True,True
30,MODULE.PRAYER_LIBRARY,ao-rich-prayer-library,assets/active/devotional-module/ao-rich-prayer-library.png,RGBA,1254.0,1254.0,True,"(218, 87, 1035, 1167)","(0, 255)",True,True
31,MODULE.PRAY_NOW,ao-refined-pray-now,assets/active/devotional-module/ao-refined-pray-now.svg,SVG,,,,,,False,True
32,MODULE.RECOLLECTION,ao-rich-recollection,assets/active/devotional-module/ao-rich-recollection.png,RGBA,1254.0,1254.0,True,"(87, 173, 1167, 1081)","(0, 255)",True,True
33,MODULE.ROSARY,ao-rich-rosary,assets/active/devotional-module/ao-rich-rosary.png,RGBA,1254.0,1254.0,True,"(309, 87, 945, 1167)","(0, 255)",True,True
34,MODULE.SACRED_HEART,ao-rich-sacred-heart,assets/active/devotional-module/ao-rich-sacred-heart.png,RGBA,1254.0,1254.0,True,"(220, 87, 1033, 1167)","(0, 255)",True,True
35,MODULE.SILENCE,ao-refined-silence,assets/active/devotional-module/ao-refined-silence.svg,SVG,,,,,,False,True
36,MODULE.SPIRITUAL_COMBAT,ao-rich-spiritual-combat,assets/active/devotional-module/ao-rich-spiritual-combat.png,RGBA,1254.0,1254.0,True,"(209, 87, 1044, 1167)","(0, 255)",True,True
37,MODULE.STATIONS,ao-rich-stations,assets/active/devotional-module/ao-rich-stations.png,RGBA,1254.0,1254.0,True,"(151, 87, 1103, 1167)","(0, 255)",True,True
38,MODULE.ST_JOSEPH,ao-rich-st-joseph,assets/active/devotional-module/ao-rich-st-joseph.png,RGBA,1254.0,1254.0,True,"(179, 87, 1074, 1167)","(0, 255)",True,True
39,GESTURE.BREAST_STRIKE,ao-live-breast-strike,assets/active/live-gesture/ao-live-breast-strike.png,RGBA,1254.0,1254.0,True,"(173, 127, 1080, 1140)","(0, 255)",False,True
40,GESTURE.HANDS_JOINED,ao-live-hands-joined,assets/active/live-gesture/ao-live-hands-joined.png,RGBA,1254.0,1254.0,True,"(178, 128, 1076, 1132)","(0, 255)",False,True
41,GESTURE.HEAD_BOW,ao-live-head-bow,assets/active/live-gesture/ao-live-head-bow.png,RGBA,1254.0,1254.0,True,"(232, 125, 1022, 1129)","(0, 255)",False,True
42,GESTURE.PROFOUND_BOW,ao-live-profound-bow,assets/active/live-gesture/ao-live-profound-bow.png,RGBA,1254.0,1254.0,True,"(127, 162, 1127, 1092)","(0, 255)",False,True
43,POSTURE.BOW,ao-live-bow,assets/active/live-posture/ao-live-bow.png,RGBA,1254.0,1254.0,True,"(364, 127, 889, 1128)","(0, 255)",False,True
44,POSTURE.GENUFLECT,ao-live-genuflect,assets/active/live-posture/ao-live-genuflect.svg,SVG,,,,,,False,True
45,POSTURE.KNEEL,ao-live-kneel,assets/active/live-posture/ao-live-kneel.svg,SVG,,,,,,False,True
46,POSTURE.SIT,ao-live-sit,assets/active/live-posture/ao-live-sit.png,RGBA,1254.0,1254.0,True,"(283, 126, 971, 1128)","(0, 255)",False,True
47,POSTURE.STAND,ao-live-stand,assets/active/live-posture/ao-live-stand.svg,SVG,,,,,,False,True
48,MODULE.BEGINNER,ao-refined-beginner,assets/active/formation-module/ao-refined-beginner.svg,SVG,,,,,,False,True
49,MODULE.CALENDAR_UPCOMING,ao-refined-calendar-upcoming,assets/active/formation-module/ao-refined-calendar-upcoming.svg,SVG,,,,,,False,True
50,MODULE.CATHOLIC_WORLD,ao-refined-catholic-world,assets/active/formation-module/ao-refined-catholic-world.svg,SVG,,,,,,False,True
51,MODULE.JOURNAL,ao-refined-journal,assets/active/formation-module/ao-refined-journal.svg,SVG,,,,,,False,True
52,MODULE.RESOLUTION,ao-refined-resolution,assets/active/formation-module/ao-refined-resolution.svg,SVG,,,,,,False,True
53,MODULE.SAINT_OF_DAY,ao-refined-saint-of-day,assets/active/formation-module/ao-refined-saint-of-day.svg,SVG,,,,,,False,True
54,MODULE.SCRIPTURE,ao-refined-scripture,assets/active/formation-module/ao-refined-scripture.svg,SVG,,,,,,False,True
55,MODULE.SPIRITUAL_LIFE,ao-refined-spiritual-life,assets/active/formation-module/ao-refined-spiritual-life.svg,SVG,,,,,,False,True
56,MODULE.STUDY,ao-refined-study,assets/active/formation-module/ao-refined-study.svg,SVG,,,,,,False,True
57,UI.BACK,ao-ui-back,assets/active/ui/ao-ui-back.svg,SVG,,,,,,False,True
58,UI.CHECK,ao-ui-check,assets/active/ui/ao-ui-check.svg,SVG,,,,,,False,True
59,UI.CLOSE,ao-ui-close,assets/active/ui/ao-ui-close.svg,SVG,,,,,,False,True
60,UI.EXPAND,ao-ui-expand,assets/active/ui/ao-ui-expand.svg,SVG,,,,,,False,True
61,UI.EXTERNAL,ao-ui-external,assets/active/ui/ao-ui-external.svg,SVG,,,,,,False,True
62,UI.INFO,ao-ui-info,assets/active/ui/ao-ui-info.svg,SVG,,,,,,False,True
63,UI.NEXT,ao-ui-next,assets/active/ui/ao-ui-next.svg,SVG,,,,,,False,True
64,UI.PREVIOUS,ao-ui-previous,assets/active/ui/ao-ui-previous.svg,SVG,,,,,,False,True
65,UI.PRIVACY,ao-refined-privacy,assets/active/ui/ao-refined-privacy.svg,SVG,,,,,,False,True
66,UI.SEARCH,ao-ui-search,assets/active/ui/ao-ui-search.svg,SVG,,,,,,False,True
67,UI.SOURCES,ao-ui-sources,assets/active/ui/ao-ui-sources.svg,SVG,,,,,,False,True
68,NAV.GLOBAL.CALENDAR,ao-nav-calendar,assets/active/navigation/ao-nav-calendar.png,RGBA,1254.0,1254.0,True,"(176, 122, 1077, 1132)","(0, 255)",False,True
69,NAV.GLOBAL.HOME,ao-nav-home,assets/active/navigation/ao-nav-home.png,RGBA,1254.0,1254.0,True,"(138, 122, 1116, 1132)","(0, 255)",False,True
70,NAV.GLOBAL.LEARN,ao-nav-learn,assets/active/navigation/ao-nav-learn.png,RGBA,1254.0,1254.0,True,"(121, 244, 1133, 1010)","(0, 255)",False,True
71,NAV.GLOBAL.MASS,ao-brand-emblem,assets/active/navigation/ao-brand-emblem.png,RGBA,512.0,512.0,True,"(41, 44, 473, 480)","(0, 255)",False,True
72,NAV.GLOBAL.PRAY,ao-nav-pray,assets/active/navigation/ao-nav-pray.png,RGBA,1254.0,1254.0,True,"(220, 120, 1034, 1134)","(0, 255)",False,True
73,NAV.GLOBAL.SETTINGS,ao-nav-settings,assets/active/navigation/ao-nav-settings.png,RGBA,1254.0,1254.0,True,"(131, 123, 1122, 1131)","(0, 255)",False,True
74,ACTION.ENTRANCE_PROCESSION,ao-live-processional,assets/active/live-actions/ao-live-processional.png,RGBA,1254.0,1254.0,True,"(129, 224, 1125, 1029)","(0, 255)",False,True
75,ACTION.RECESSION,ao-live-recessional,assets/active/live-actions/ao-live-recessional.png,RGBA,1254.0,1254.0,True,"(128, 215, 1126, 1038)","(0, 255)",False,True
76,ACTION.BLESSING,ao-live-blessing,assets/active/live-actions/ao-live-blessing.png,RGBA,1254.0,1254.0,True,"(87, 102, 1167, 1152)","(0, 255)",True,True
77,ACTION.COMMUNION,ao-live-communion,assets/active/live-actions/ao-live-communion.png,RGBA,1254.0,1254.0,True,"(87, 98, 1167, 1156)","(0, 255)",True,True
78,ACTION.HOST_ELEVATION,ao-live-priest-elevation,assets/active/live-actions/ao-live-priest-elevation.png,RGBA,1254.0,1254.0,True,"(342, 87, 911, 1167)","(0, 255)",True,True
79,ACTION.LAVABO,ao-live-lavabo,assets/active/live-actions/ao-live-lavabo.png,RGBA,1254.0,1254.0,True,"(87, 160, 1167, 1093)","(0, 255)",True,True
80,ACTOR.CANDLE_BEARERS,ao-live-candle-bearers,assets/active/live-actors/ao-live-candle-bearers.png,RGBA,1254.0,1254.0,True,"(171, 87, 1082, 1167)","(0, 255)",True,True
81,ACTOR.CANTOR,ao-live-cantor,assets/active/live-actors/ao-live-cantor.png,RGBA,1254.0,1254.0,True,"(280, 87, 973, 1167)","(0, 255)",True,True
82,ACTOR.CROSS_BEARER,ao-live-cross-bearer,assets/active/live-actors/ao-live-cross-bearer.png,RGBA,1254.0,1254.0,True,"(411, 87, 842, 1167)","(0, 255)",True,True
83,ACTOR.DEACON,ao-live-deacon,assets/active/live-actors/ao-live-deacon.png,RGBA,1254.0,1254.0,True,"(359, 87, 895, 1167)","(0, 255)",True,True
84,ACTOR.PRIEST.GENUFLECT,ao-live-priest-genuflect,assets/active/live-actors/ao-live-priest-genuflect.png,RGBA,1254.0,1254.0,True,"(233, 87, 1021, 1167)","(0, 255)",True,True
85,ACTOR.PRIEST.INCENSING_ALTAR,ao-live-priest-incense-altar,assets/active/live-actors/ao-live-priest-incense-altar.png,RGBA,1254.0,1254.0,True,"(87, 94, 1167, 1159)","(0, 255)",True,True
86,ACTOR.PRIEST.INCENSING_PEOPLE,ao-live-priest-incense-people,assets/active/live-actors/ao-live-priest-incense-people.png,RGBA,1254.0,1254.0,True,"(87, 169, 1167, 1085)","(0, 255)",True,True
87,ACTOR.SERVER.GENERIC,ao-live-server,assets/active/live-actors/ao-live-server.png,RGBA,1254.0,1254.0,True,"(410, 87, 843, 1167)","(0, 255)",True,True
88,ACTOR.SUBDEACON,ao-live-subdeacon,assets/active/live-actors/ao-live-subdeacon.png,RGBA,1254.0,1254.0,True,"(357, 87, 897, 1167)","(0, 255)",True,True
89,CUE.HEAR,ao-live-hear,assets/active/live-cue/ao-live-hear.png,RGBA,1254.0,1254.0,True,"(248, 126, 1006, 1126)","(0, 255)",False,True
90,CUE.LOOK,ao-live-look,assets/active/live-cue/ao-live-look.png,RGBA,1254.0,1254.0,True,"(127, 329, 1127, 923)","(0, 255)",False,True
91,CUE.RESPONSE,ao-live-response,assets/active/live-cue/ao-live-response.png,RGBA,1254.0,1254.0,True,"(312, 126, 941, 1128)","(0, 255)",False,True
92,CUE.YOU,ao-live-you,assets/active/live-cue/ao-live-you.png,RGBA,1254.0,1254.0,True,"(256, 128, 998, 1128)","(0, 255)",False,True
93,MODULE.BEFORE_MASS,ao-module-before-mass,assets/active/modules/ao-module-before-mass.png,RGBA,1254.0,1254.0,True,"(131, 127, 1125, 1127)","(0, 255)",False,True
94,MODULE.CATECHISM,ao-module-catechism,assets/active/modules/ao-module-catechism.png,RGBA,1254.0,1254.0,True,"(182, 127, 1072, 1127)","(0, 255)",False,True
95,MODULE.MASS_INTENTION,ao-module-mass-intention,assets/active/modules/ao-module-mass-intention.png,RGBA,1254.0,1254.0,True,"(224, 126, 1029, 1130)","(0, 255)",False,True
96,MODULE.THANKSGIVING_AFTER_MASS,ao-module-thanksgiving,assets/active/modules/ao-module-thanksgiving.png,RGBA,1254.0,1254.0,True,"(220, 127, 1034, 1128)","(0, 255)",False,True
97,POSITION.PRIEST.ASCENDING_STEPS,ao-live-priest-ascending-steps,assets/active/live-priest-position/ao-live-priest-ascending-steps.png,RGBA,1254.0,1254.0,True,"(232, 124, 1005, 1130)","(0, 255)",False,True
98,POSITION.PRIEST.COMMUNION_RAIL,ao-live-priest-communion-rail,assets/active/live-priest-position/ao-live-priest-communion-rail.png,RGBA,1254.0,1254.0,True,"(126, 156, 1128, 1097)","(0, 255)",False,True
99,POSITION.PRIEST.FOOT_OF_ALTAR,ao-live-priest-foot-altar,assets/active/live-priest-position/ao-live-priest-foot-altar.png,RGBA,1254.0,1254.0,True,"(232, 124, 1038, 1130)","(0, 255)",False,True
100,ACTION.CROSS_VENERATION,ao-special-cross-veneration,assets/active/special-days/ao-special-cross-veneration.png,RGBA,1254.0,1254.0,True,"(246, 107, 988, 1127)","(0, 255)",False,True
101,OBJECT.ASHES,ao-special-ashes,assets/active/special-days/ao-special-ashes.png,RGBA,1254.0,1254.0,True,"(188, 125, 1065, 1147)","(0, 255)",False,True
102,OBJECT.CANDLE.LIT,ao-special-candle-lit,assets/active/special-days/ao-special-candle-lit.png,RGBA,1254.0,1254.0,True,"(387, 126, 867, 1128)","(0, 255)",False,True
103,OBJECT.CANDLE.UNLIT,ao-special-candle-unlit,assets/active/special-days/ao-special-candle-unlit.png,RGBA,1254.0,1254.0,True,"(327, 117, 928, 1131)","(0, 255)",False,True
104,OBJECT.MANDATUM_BASIN_TOWEL,ao-special-mandatum-basin-towel,assets/active/special-days/ao-special-mandatum-basin-towel.png,RGBA,1254.0,1254.0,True,"(126, 394, 1128, 859)","(0, 255)",False,True
105,OBJECT.PALM,ao-special-palm,assets/active/special-days/ao-special-palm.png,RGBA,1254.0,1254.0,True,"(273, 126, 980, 1147)","(0, 255)",False,True
106,OBJECT.PASCHAL_CANDLE,ao-special-paschal-candle,assets/active/special-days/ao-special-paschal-candle.png,RGBA,1254.0,1254.0,True,"(391, 126, 862, 1132)","(0, 255)",False,True
107,UI.HOME,ao-ui-home,assets/active/ui/ao-ui-home.png,RGBA,1254.0,1254.0,True,"(87, 114, 1167, 1140)","(0, 255)",True,True
108,UI.SETTINGS,ao-ui-settings,assets/active/ui/ao-ui-settings.png,RGBA,1254.0,1254.0,True,"(87, 149, 1167, 1105)","(0, 255)",True,True