index,semantic_id,label,family,semantic_state,active_asset_ids,pending_asset_ids,retained_alternate_ids,removed_variant_count
0,NAV.GLOBAL.HOME,Home — Ad Orientem identity,GLOBAL_NAVIGATION,FROZEN_ACTIVE,ao-nav-home,,,0
1,NAV.GLOBAL.MASS,Mass,GLOBAL_NAVIGATION,FROZEN_ACTIVE,ao-brand-emblem,,,0
2,NAV.GLOBAL.PRAY,Pray,GLOBAL_NAVIGATION,FROZEN_ACTIVE,ao-nav-pray,,,0
3,NAV.GLOBAL.LEARN,Learn,GLOBAL_NAVIGATION,FROZEN_ACTIVE,ao-nav-learn,,,0
4,NAV.GLOBAL.CALENDAR,Calendar,GLOBAL_NAVIGATION,FROZEN_ACTIVE,ao-nav-calendar,,,0
5,NAV.GLOBAL.SETTINGS,Settings,GLOBAL_NAVIGATION,FROZEN_ACTIVE,ao-nav-settings,,,0
6,UI.HOME,Home,GENERAL_UI,FROZEN_ACTIVE,ao-ui-home,,,1
7,UI.BACK,Back,GENERAL_UI,FROZEN_ACTIVE,ao-ui-back,,,1
8,UI.CLOSE,Close,GENERAL_UI,FROZEN_ACTIVE,ao-ui-close,,,1
9,UI.PREVIOUS,Previous,GENERAL_UI,FROZEN_ACTIVE,ao-ui-previous,,,1
10,UI.NEXT,Next,GENERAL_UI,FROZEN_ACTIVE,ao-ui-next,,,1
11,UI.SEARCH,Search,GENERAL_UI,FROZEN_ACTIVE,ao-ui-search,,,1
12,UI.SETTINGS,Settings,GENERAL_UI,FROZEN_ACTIVE,ao-ui-settings,,,1
13,UI.INFO,Info,GENERAL_UI,FROZEN_ACTIVE,ao-ui-info,,,1
14,UI.SOURCES,Sources,GENERAL_UI,FROZEN_ACTIVE,ao-ui-sources,,,1
15,UI.EXTERNAL,External,GENERAL_UI,FROZEN_ACTIVE,ao-ui-external,,,1
16,UI.CHECK,Check,GENERAL_UI,FROZEN_ACTIVE,ao-ui-check,,,1
17,UI.EXPAND,Expand,GENERAL_UI,FROZEN_ACTIVE,ao-ui-expand,,,1
18,UI.PRIVACY,Privacy,GENERAL_UI,FROZEN_ACTIVE,ao-refined-privacy,,,0
19,POSTURE.STAND,Stand,FAITHFUL_POSTURE,FROZEN_ACTIVE,ao-live-stand,,,1
20,POSTURE.SIT,Sit,FAITHFUL_POSTURE,FROZEN_ACTIVE,ao-live-sit,,,1
21,POSTURE.KNEEL,Kneel,FAITHFUL_POSTURE,FROZEN_ACTIVE,ao-live-kneel,,,1
22,POSTURE.GENUFLECT,Genuflect,FAITHFUL_POSTURE,FROZEN_ACTIVE,ao-live-genuflect,,,1
23,POSTURE.BOW,Bow,FAITHFUL_POSTURE,FROZEN_ACTIVE,ao-live-bow,,,1
24,GESTURE.SIGN_OF_CROSS,Sign of the Cross,FAITHFUL_GESTURE,FROZEN_EXCLUDED,,,,1
25,GESTURE.GOSPEL_CROSSES,Three Gospel Crosses,FAITHFUL_GESTURE,FROZEN_EXCLUDED,,,,1
26,GESTURE.HANDS_JOINED,Hands Joined,FAITHFUL_GESTURE,FROZEN_ACTIVE,ao-live-hands-joined,,,1
27,GESTURE.BREAST_STRIKE,Breast Strike,FAITHFUL_GESTURE,FROZEN_ACTIVE,ao-live-breast-strike,,,1
28,GESTURE.HEAD_BOW,Head Bow,FAITHFUL_GESTURE,FROZEN_ACTIVE,ao-live-head-bow,,,1
29,GESTURE.PROFOUND_BOW,Profound Bow,FAITHFUL_GESTURE,FROZEN_ACTIVE,ao-live-profound-bow,,,1
30,SOUND.ALTAR_BELLS,Altar Bells,AUDIBLE_STATE,FROZEN_ACTIVE,ao-live-bells,,,1
31,SOUND.SCHOLA,Schola Active,AUDIBLE_STATE,FROZEN_ACTIVE,ao-live-schola,,,1
32,SOUND.PRIEST.AUDIBLE,Priest Audible,AUDIBLE_STATE,FROZEN_ACTIVE,ao-live-priest-audible,,,0
33,SOUND.PRIEST.SILENT,Priest Silent,AUDIBLE_STATE,FROZEN_ACTIVE,ao-live-priest-silent,,,0
34,SOUND.SCHOLA.REST,Schola Rest,AUDIBLE_STATE,FROZEN_ACTIVE,ao-live-schola-rest,,,0
35,CUE.HEAR,Hear,LIVE_GUIDANCE_CUE,FROZEN_ACTIVE,ao-live-hear,,,0
36,CUE.LOOK,Look,LIVE_GUIDANCE_CUE,FROZEN_ACTIVE,ao-live-look,,,0
37,CUE.YOU,You,LIVE_GUIDANCE_CUE,FROZEN_ACTIVE,ao-live-you,,,0
38,CUE.RESPONSE,Response V/R,LIVE_GUIDANCE_CUE,FROZEN_ACTIVE,ao-live-response,,,0
39,POSITION.PRIEST.FOOT_OF_ALTAR,Priest — Foot of Altar,PRIEST_POSITION,FROZEN_ACTIVE,ao-live-priest-foot-altar,,,0
40,POSITION.PRIEST.ASCENDING_STEPS,Priest — Ascending Steps,PRIEST_POSITION,FROZEN_ACTIVE,ao-live-priest-ascending-steps,,,0
41,POSITION.PRIEST.COMMUNION_RAIL,Priest — Distributing Communion at Rail,PRIEST_POSITION,FROZEN_ACTIVE,ao-live-priest-communion-rail,,,0
42,ACTOR.PRIEST.CENTRE_AD_ORIENTEM,Priest — Centre (Ad Orientem),ACTOR_MINISTER,FROZEN_ACTIVE,ao-live-priest-centre,,,1
43,ACTOR.PRIEST.EPISTLE_SIDE,Priest — At Missal (Epistle Side),ACTOR_MINISTER,FROZEN_ACTIVE,ao-live-priest-epistle-side,,,1
44,ACTOR.PRIEST.GOSPEL_SIDE,Priest — Gospel Side,ACTOR_MINISTER,FROZEN_ACTIVE,ao-live-priest-gospel-side,,,1
45,ACTOR.PRIEST.FACING_PEOPLE,Priest — Facing People,ACTOR_MINISTER,FROZEN_ACTIVE,ao-live-priest-facing-people,,,1
46,ACTOR.PRIEST.CHAIR,Priest — Chair,ACTOR_MINISTER,FROZEN_EXCLUDED,,,,1
47,ACTOR.PRIEST.INCENSING_ALTAR,Priest — Incensing Altar,ACTOR_MINISTER,FROZEN_ACTIVE,ao-live-priest-incense-altar,,,1
48,ACTOR.PRIEST.INCENSING_PEOPLE,Priest — Incensing People,ACTOR_MINISTER,FROZEN_ACTIVE,ao-live-priest-incense-people,,,1
49,ACTOR.PRIEST.GENUFLECT,Priest — Genuflect,ACTOR_MINISTER,FROZEN_ACTIVE,ao-live-priest-genuflect,,,1
50,ACTION.HOST_ELEVATION,Priest — Elevation,ACTOR_MINISTER,FROZEN_ACTIVE,ao-live-priest-elevation,,,1
51,ACTOR.SERVER.GENERIC,Server,ACTOR_MINISTER,FROZEN_ACTIVE,ao-live-server,,,1
52,ACTOR.FAITHFUL,Faithful,ACTOR_MINISTER,FROZEN_EXCLUDED,,,,1
53,ACTOR.DEACON,Deacon,ACTOR_MINISTER,FROZEN_ACTIVE,ao-live-deacon,,,1
54,ACTOR.SUBDEACON,Subdeacon,ACTOR_MINISTER,FROZEN_ACTIVE,ao-live-subdeacon,,,1
55,ACTOR.THURIFER,Thurifer,ACTOR_MINISTER,FROZEN_ACTIVE,ao-live-thurifer,,,1
56,ACTOR.BOAT_BEARER,Boat Bearer,ACTOR_MINISTER,FROZEN_ACTIVE,ao-live-boat-bearer,,,1
57,ACTOR.CROSS_BEARER,Cross Bearer,ACTOR_MINISTER,FROZEN_ACTIVE,ao-live-cross-bearer,,,1
58,ACTOR.CANDLE_BEARERS,Candle Bearers,ACTOR_MINISTER,FROZEN_ACTIVE,ao-live-candle-bearers,,,1
59,ACTOR.CANTOR,Cantor,ACTOR_MINISTER,FROZEN_ACTIVE,ao-live-cantor,,,1
60,ACTOR.MASTER_OF_CEREMONIES,Master of Ceremonies,ACTOR_MINISTER,FROZEN_ACTIVE,ao-live-mc,,,0
61,ACTION.GOSPEL,Gospel,LITURGICAL_ACTION_OBJECT,FROZEN_EXCLUDED,,,,1
62,ACTION.EPISTLE,Epistle,LITURGICAL_ACTION_OBJECT,FROZEN_EXCLUDED,,,,1
63,ACTION.OFFERTORY,Offertory,LITURGICAL_ACTION_OBJECT,FROZEN_EXCLUDED,,,,1
64,ACTION.CANON,Canon,LITURGICAL_ACTION_OBJECT,FROZEN_EXCLUDED,,,,1
65,ACTION.COMMUNION,Communion,LITURGICAL_ACTION_OBJECT,FROZEN_ACTIVE,ao-live-communion,,,1
66,ACTION.INCENSE,Incense,LITURGICAL_ACTION_OBJECT,FROZEN_EXCLUDED,,,,1
67,ACTION.RECESSION,Recessional,LITURGICAL_ACTION_OBJECT,FROZEN_ACTIVE,ao-live-recessional,,,1
68,ACTION.LAVABO,Lavabo,LITURGICAL_ACTION_OBJECT,FROZEN_ACTIVE,ao-live-lavabo,,,1
69,ACTION.FRACTION,Fraction,LITURGICAL_ACTION_OBJECT,FROZEN_EXCLUDED,,,,1
70,ACTION.COMMINGLING,Commingling,LITURGICAL_ACTION_OBJECT,FROZEN_EXCLUDED,,,,1
71,ACTION.PAX,Pax,LITURGICAL_ACTION_OBJECT,FROZEN_EXCLUDED,,,,1
72,ACTION.ABLUTIONS,Ablutions,LITURGICAL_ACTION_OBJECT,FROZEN_EXCLUDED,,,,1
73,ACTION.BLESSING,Blessing,LITURGICAL_ACTION_OBJECT,FROZEN_ACTIVE,ao-live-blessing,,,1
74,ACTION.CHALICE_ELEVATION,Chalice Elevation,LITURGICAL_ACTION_OBJECT,FROZEN_EXCLUDED,,,,1
75,ACTION.ENTRANCE_PROCESSION,Entrance Procession,LITURGICAL_ACTION_OBJECT,FROZEN_ACTIVE,ao-live-processional,,,0
76,OBJECT.PALM,Palm Branch,SPECIAL_DAY_OBJECT,FROZEN_ACTIVE,ao-special-palm,,,0
77,OBJECT.ASHES,Ashes,SPECIAL_DAY_OBJECT,FROZEN_ACTIVE,ao-special-ashes,,,0
78,OBJECT.CANDLE.LIT,Candle Lit,SPECIAL_DAY_OBJECT,FROZEN_ACTIVE,ao-special-candle-lit,,,0
79,OBJECT.CANDLE.UNLIT,Candle Unlit,SPECIAL_DAY_OBJECT,FROZEN_ACTIVE,ao-special-candle-unlit,,,0
80,OBJECT.PASCHAL_CANDLE,Paschal Candle,SPECIAL_DAY_OBJECT,FROZEN_ACTIVE,ao-special-paschal-candle,,,0
81,ACTION.CROSS_VENERATION,Cross Veneration,SPECIAL_DAY_OBJECT,FROZEN_ACTIVE,ao-special-cross-veneration,,,0
82,OBJECT.MANDATUM_BASIN_TOWEL,Mandatum Basin and Towel,SPECIAL_DAY_OBJECT,FROZEN_ACTIVE,ao-special-mandatum-basin-towel,,,0
83,NAV.ORDER_OF_MASS,Order / Structure of Mass,MASS_NAVIGATION,FROZEN_EXCLUDED,,,,1
84,NAV.FIND_CURRENT_PLACE,I'm Lost / Find Current Place,MASS_NAVIGATION,FROZEN_EXCLUDED,,,,1
85,MODULE.CATECHISM,Traditional Catechism,MODULE_IDENTITY,FROZEN_ACTIVE,ao-module-catechism,,,0
86,MODULE.MASS_INTENTION,Mass Intention,MODULE_IDENTITY,FROZEN_ACTIVE,ao-module-mass-intention,,,0
87,MODULE.BEFORE_MASS,Before Mass,MODULE_IDENTITY,FROZEN_ACTIVE,ao-module-before-mass,,,0
88,MODULE.THANKSGIVING_AFTER_MASS,Thanksgiving After Mass,MODULE_IDENTITY,FROZEN_ACTIVE,ao-module-thanksgiving,,,0
89,MODULE.MASS_PREPARATION_THANKSGIVING,Mass Preparation & Thanksgiving,MASS_SUPPORT_MODULE,FROZEN_EXCLUDED,,,,1
90,MODULE.ROSARY,Rosary,DEVOTIONAL_MODULE,FROZEN_ACTIVE,ao-rich-rosary,,,0
91,MODULE.STATIONS,Stations of the Cross,DEVOTIONAL_MODULE,FROZEN_ACTIVE,ao-rich-stations,,,0
92,MODULE.PLAN_OF_LIFE,Plan of Life,DEVOTIONAL_MODULE,FROZEN_ACTIVE,ao-rich-plan-of-life,,,0
93,MODULE.MENTAL_PRAYER,Mental Prayer,DEVOTIONAL_MODULE,FROZEN_ACTIVE,ao-rich-mental-prayer,,,0
94,MODULE.CONFESSION,Confession,DEVOTIONAL_MODULE,FROZEN_ACTIVE,ao-rich-confession,,,0
95,MODULE.ADORATION,Adoration & Benediction,DEVOTIONAL_MODULE,FROZEN_ACTIVE,ao-rich-adoration,,,0
96,MODULE.SACRED_HEART,Sacred Heart,DEVOTIONAL_MODULE,FROZEN_ACTIVE,ao-rich-sacred-heart,,,0
97,MODULE.IMMACULATE_HEART,Immaculate Heart,DEVOTIONAL_MODULE,FROZEN_ACTIVE,ao-rich-immaculate-heart,,,0
98,MODULE.ST_JOSEPH,St Joseph,DEVOTIONAL_MODULE,FROZEN_ACTIVE,ao-rich-st-joseph,,,0
99,MODULE.HOLY_SPIRIT,Holy Spirit,DEVOTIONAL_MODULE,FROZEN_ACTIVE,ao-rich-holy-spirit,,,0
100,MODULE.HOLY_SOULS,Holy Souls,DEVOTIONAL_MODULE,FROZEN_ACTIVE,ao-rich-holy-souls,,,0
101,MODULE.SPIRITUAL_COMBAT,Spiritual Combat,DEVOTIONAL_MODULE,FROZEN_ACTIVE,ao-rich-spiritual-combat,,,0
102,MODULE.NOVENAS,Novenas,DEVOTIONAL_MODULE,FROZEN_ACTIVE,ao-rich-novenas,,,0
103,MODULE.ANGELUS,Angelus / Regina Cæli,DEVOTIONAL_MODULE,FROZEN_ACTIVE,ao-rich-angelus,,,0
104,MODULE.PRAYER_LIBRARY,Prayer Library,DEVOTIONAL_MODULE,FROZEN_ACTIVE,ao-rich-prayer-library,,,0
105,MODULE.EUCHARISTIC_LIFE,Eucharistic Life,DEVOTIONAL_MODULE,FROZEN_ACTIVE,ao-rich-eucharistic-life,,,0
106,MODULE.RECOLLECTION,Recollection,DEVOTIONAL_MODULE,FROZEN_ACTIVE,ao-rich-recollection,,,0
107,MODULE.EXAMINATION_OF_CONSCIENCE,Examination of Conscience,DEVOTIONAL_MODULE,FROZEN_EXCLUDED,,,,1
108,MODULE.MORNING_OFFERING,Morning Offering,DEVOTIONAL_MODULE,FROZEN_EXCLUDED,,,,1
109,MODULE.NIGHT_PRAYER,Night Prayer,DEVOTIONAL_MODULE,FROZEN_EXCLUDED,,,,1
110,MODULE.MARIAN_DEVOTIONS,Marian Devotions,DEVOTIONAL_MODULE,FROZEN_EXCLUDED,,,,1
111,MODULE.PASSION_PENITENCE,Passion & Penitence,DEVOTIONAL_MODULE,FROZEN_EXCLUDED,,,,1
112,MODULE.BEGIN_END_DAY,Begin / End Day,DEVOTIONAL_MODULE,FROZEN_EXCLUDED,,,,1
113,MODULE.DEVOTIONS,Devotions,DEVOTIONAL_MODULE,FROZEN_ACTIVE,ao-refined-devotions,,,0
114,MODULE.PRAY_NOW,Pray Now,DEVOTIONAL_MODULE,FROZEN_ACTIVE,ao-refined-pray-now,,,0
115,MODULE.SILENCE,Silence,DEVOTIONAL_MODULE,FROZEN_ACTIVE,ao-refined-silence,,,0
116,MODULE.GUIDES,Guides / Understand the Mass,FORMATION_MODULE,FROZEN_EXCLUDED,,,,1
117,MODULE.TODAY_LITURGICAL_DAY,Today / Liturgical Day,FORMATION_MODULE,FROZEN_EXCLUDED,,,,1
118,MODULE.SPIRITUAL_READING,Spiritual Reading,FORMATION_MODULE,FROZEN_EXCLUDED,,,,1
119,MODULE.SPIRITUAL_TRADITIONS,Spiritual Traditions,FORMATION_MODULE,FROZEN_EXCLUDED,,,,1
120,MODULE.INTERIOR_PRAYER_FORMATION,Interior Prayer Formation,FORMATION_MODULE,FROZEN_EXCLUDED,,,,1
121,MODULE.SAINT_OF_DAY,Saint of the Day,FORMATION_MODULE,FROZEN_ACTIVE,ao-refined-saint-of-day,,,0
122,MODULE.CALENDAR_UPCOMING,Coming Up / Liturgical Calendar,FORMATION_MODULE,FROZEN_ACTIVE,ao-refined-calendar-upcoming,,,0
123,MODULE.STUDY,Study,FORMATION_MODULE,FROZEN_ACTIVE,ao-refined-study,,,0
124,MODULE.SCRIPTURE,Scripture / Today’s Gospel,FORMATION_MODULE,FROZEN_ACTIVE,ao-refined-scripture,,,0
125,MODULE.JOURNAL,Journal,FORMATION_MODULE,FROZEN_ACTIVE,ao-refined-journal,,,0
126,MODULE.SPIRITUAL_LIFE,Spiritual Life,FORMATION_MODULE,FROZEN_ACTIVE,ao-refined-spiritual-life,,,0
127,MODULE.BEGINNER,Beginner / Getting Started,FORMATION_MODULE,FROZEN_ACTIVE,ao-refined-beginner,,,0
128,MODULE.CATHOLIC_WORLD,Catholic World,FORMATION_MODULE,FROZEN_ACTIVE,ao-refined-catholic-world,,,0
129,MODULE.RESOLUTION,Resolution,FORMATION_MODULE,FROZEN_ACTIVE,ao-refined-resolution,,,0
130,CONTEXT.TRAVEL,Travel,DAILY_CONTEXT,FROZEN_ACTIVE,ao-refined-travel,,,0
131,CONTEXT.CHURCH,In Church,DAILY_CONTEXT,FROZEN_ACTIVE,ao-refined-church,,,0
132,CONTEXT.DIFFICULT_MOMENTS,Difficult Moments,DAILY_CONTEXT,FROZEN_ACTIVE,ao-refined-difficult-moments,,,0
133,CONTEXT.HELP,Need Help,DAILY_CONTEXT,FROZEN_ACTIVE,ao-refined-help,,,0
134,CONTEXT.MEAL,Meal,DAILY_CONTEXT,FROZEN_ACTIVE,ao-refined-meal,,,0
135,CONTEXT.REST,Rest,DAILY_CONTEXT,FROZEN_ACTIVE,ao-refined-rest,,,0
136,CONTEXT.WORK,Work,DAILY_CONTEXT,FROZEN_ACTIVE,ao-refined-work,,,0